sample_id,segment,cell_type,disease_status,patient_id,slide_name,modelled_genes,mean_abs_residual,median_abs_residual,max_abs_residual,fraction_abs_residual_gt_1,fraction_abs_residual_gt_2
GSM7084877_DSP-1001660007414-H-E02.dcc,Panck,ADM,healthy,Donor_8,4895-EC-S7,6916,0.5923681717538083,0.4940226114591364,3.0155259308887254,0.16122035858877964,0.01735106998264893
GSM7084878_DSP-1001660007414-H-E03.dcc,Panck,PanIN,healthy,Donor_8,4895-EC-S7,6911,0.6646443710091703,0.5534880581574733,3.371629694356387,0.2164665026768919,0.027203009694689625
GSM7084879_DSP-1001660007414-H-E04.dcc,Panck,Duct,healthy,Donor_8,4895-EC-S7,6851,0.8419120679572422,0.7200357020334804,3.095367347258404,0.3387826594657714,0.058823529411764705
GSM7084880_DSP-1001660007414-H-E05.dcc,Panck,Duct,healthy,Donor_8,4895-EC-S7,6876,0.7646391948798409,0.6426845480993362,2.9822717179670972,0.2947934845840605,0.041884816753926704
GSM7084881_DSP-1001660007414-H-E06.dcc,Panck,ADM,healthy,Donor_8,4895-EC-S7,6928,0.6386469065990992,0.5410338792588778,3.219346873410503,0.19630484988452657,0.019630484988452657
GSM7084882_DSP-1001660007414-H-E07.dcc,Panck,ADM,healthy,Donor_8,4895-EC-S7,6921,0.7299226116510252,0.6280031644150998,3.557406608374264,0.2665799739921977,0.029475509319462505
GSM7084883_DSP-1001660007414-H-E08.dcc,Panck,ADM,healthy,Donor_8,4895-EC-S7,6930,0.6440838886877265,0.5423256834187238,3.331532686819716,0.2064935064935065,0.01847041847041847
GSM7084884_DSP-1001660007414-H-E09.dcc,Panck,ADM,healthy,Donor_8,4895-EC-S7,6929,0.616644086532219,0.5130548569847733,2.99292436775439,0.18631837205946025,0.01818444219945158
GSM7084885_DSP-1001660007414-H-E10.dcc,Panck,ADM,healthy,Donor_8,4895-EC-S7,6935,0.5951355905497344,0.5035935974947199,3.2761412336790983,0.16380677721701514,0.014852198990627253
GSM7084886_DSP-1001660007414-H-E11.dcc,Panck,ADM,healthy,Donor_8,4895-EC-S7,6911,0.6524726872718538,0.5516728965846891,3.0193226488046205,0.20416726957025033,0.02691361597453335
GSM7084887_DSP-1001660007414-H-E12.dcc,Panck,ADM,healthy,Donor_8,4895-EC-S7,6933,0.616140184324696,0.5150394339608422,3.0731896570504347,0.17611423626135872,0.02120294244915621
GSM7084888_DSP-1001660007414-H-F01.dcc,Panck,ADM,healthy,Donor_8,4895-EC-S7,6927,0.6032473557619559,0.4994509088078303,3.001735076527173,0.1686155622924787,0.01920023098022232
GSM7084889_DSP-1001660007414-H-F02.dcc,Panck,ADM,healthy,Donor_8,4895-EC-S7,6936,0.5818839279087816,0.49140574154379424,3.180810754060417,0.15340253748558247,0.015570934256055362
GSM7084890_DSP-1001660007414-H-F03.dcc,Panck Cd45 Negative,Acinar,healthy,Donor_8,4895-EC-S7,6888,0.7194969504550665,0.6205782992925051,2.963628308151218,0.25885598141695704,0.030197444831591175
GSM7084891_DSP-1001660007414-H-F04.dcc,Panck Cd45 Negative,Acinar,healthy,Donor_8,4895-EC-S7,6893,0.713653638383367,0.6075108402462313,3.005470505902802,0.25649209342811546,0.029305092122443057
GSM7084892_DSP-1001660007414-H-F05.dcc,Panck Cd45 Negative,Acinar,healthy,Donor_8,4895-EC-S7,6900,0.6912771601034619,0.5924109673790499,2.9942673317016277,0.23391304347826086,0.025362318840579712
GSM7084893_DSP-1001660007414-H-F06.dcc,Panck Cd45 Negative,Acinar,healthy,Donor_8,4895-EC-S7,6894,0.7048089981208678,0.594533538222771,3.009676049249445,0.25558456628952714,0.02944589498114302
GSM7084894_DSP-1001660007414-H-F07.dcc,Panck Cd45 Negative,Acinar,healthy,Donor_8,4895-EC-S7,6902,0.7069256583225575,0.5990439393148765,2.9769993133257033,0.2536945812807882,0.026948710518690234
GSM7084895_DSP-1001660007414-H-F08.dcc,Panck Cd45 Negative,Acinar,healthy,Donor_8,4895-EC-S7,6872,0.7884009193989127,0.6737532146879062,3.0051553635163524,0.30762514551804426,0.04452852153667055
GSM7084896_DSP-1001660009838-F-A02.dcc,Panck,PanIN,healthy,Donor_5,4895-EC-S6,6899,0.6187571211271429,0.5134184218382902,3.426361959998956,0.17408320046383532,0.021452384403536744
GSM7084897_DSP-1001660009838-F-A03.dcc,Panck,PanIN,healthy,Donor_5,4895-EC-S6,6893,0.6134675946772739,0.511048573918794,3.461759947620635,0.17510517916727114,0.023647178296822863
GSM7084898_DSP-1001660009838-F-A04.dcc,Panck,PanIN,healthy,Donor_5,4895-EC-S6,6899,0.6196621878556866,0.5215864816756275,3.290574772235371,0.18596898101174084,0.020727641687201044
GSM7084899_DSP-1001660009838-F-A05.dcc,Panck,PanIN,healthy,Donor_5,4895-EC-S6,6917,0.5663770080004343,0.478052743942877,3.0790271133508895,0.14384848922943472,0.013300563828249241
GSM7084900_DSP-1001660009838-F-A06.dcc,Panck,PanIN,healthy,Donor_5,4895-EC-S6,6906,0.633701151815071,0.5294203762283938,2.9965851550676277,0.18838690993339124,0.022589052997393572
GSM7084901_DSP-1001660009838-F-A07.dcc,Panck,PanIN,healthy,Donor_5,4895-EC-S6,6906,0.6191879666213082,0.5157917831058363,3.018105163861442,0.1765131769475818,0.022154648132059078
GSM7084902_DSP-1001660009838-F-A08.dcc,Panck,PanIN,healthy,Donor_5,4895-EC-S6,6909,0.6088776970757636,0.5031760306204625,3.007726442870907,0.17498914459400783,0.021710811984368215
GSM7084903_DSP-1001660009838-F-A09.dcc,Panck,PanIN,healthy,Donor_5,4895-EC-S6,6903,0.6003340912223184,0.4962788493428949,3.080124470326214,0.1670288280457772,0.021150224540055048
GSM7084904_DSP-1001660009838-F-A10.dcc,Panck,PanIN,healthy,Donor_5,4895-EC-S6,6909,0.5728333281398873,0.4710231283250135,3.0497553496295087,0.14937038645245332,0.016355478361557388
GSM7084905_DSP-1001660009838-F-A11.dcc,Panck,PanIN,healthy,Donor_5,4895-EC-S6,6902,0.6202184131032503,0.5212722083654118,3.0406559684999195,0.176180817154448,0.023616343088959723
GSM7084906_DSP-1001660009838-F-A12.dcc,Panck,PanIN,healthy,Donor_5,4895-EC-S6,6921,0.5709732657369764,0.48265971385852247,3.032661145173148,0.1440543274093339,0.012859413379569426
GSM7084907_DSP-1001660009838-F-B01.dcc,Panck,PanIN,healthy,Donor_5,4895-EC-S6,6906,0.5765844476832058,0.48225638179026875,3.338277489644109,0.14842166232261803,0.018245004344048653
GSM7084908_DSP-1001660009838-F-B02.dcc,Panck,PanIN,healthy,Donor_5,4895-EC-S6,6915,0.577676191660367,0.4807678417207324,2.953132556388211,0.1505422993492408,0.014461315979754157
GSM7084909_DSP-1001660009838-F-B03.dcc,Panck,PanIN,healthy,Donor_5,4895-EC-S6,6900,0.584232123056458,0.48699700807490753,3.04644182876459,0.15695652173913044,0.0163768115942029
GSM7084910_DSP-1001660009838-F-B04.dcc,Panck,PanIN,healthy,Donor_5,4895-EC-S6,6914,0.608027013464669,0.5158654433552803,3.045145533081091,0.17486259762800116,0.017789991321955453
GSM7084911_DSP-1001660009838-F-B05.dcc,Panck,PanIN,healthy,Donor_5,4895-EC-S6,6918,0.5670157011328825,0.4769825360292024,2.9850271687529775,0.14700780572419775,0.0132986412257878
GSM7084912_DSP-1001660009838-F-B06.dcc,Panck,PanIN,healthy,Donor_5,4895-EC-S6,6916,0.5457736247820028,0.4523784443392862,2.9844008598647322,0.12810873337189127,0.012290341237709659
GSM7084913_DSP-1001660009838-F-B07.dcc,Panck,PanIN,healthy,Donor_5,4895-EC-S6,6918,0.5547354027079534,0.4599948772303115,3.0688585565449795,0.13183000867302688,0.015755998843596415
GSM7084914_DSP-1001660009838-F-B08.dcc,Panck,PanIN,healthy,Donor_5,4895-EC-S6,6913,0.5665434610168105,0.47797300902535245,2.988923728973381,0.14436568783451467,0.013886879791696803
GSM7084915_DSP-1001660009838-F-B09.dcc,Panck,PanIN,healthy,Donor_5,4895-EC-S6,6914,0.5862920216299599,0.5009305209702388,2.9963527602802094,0.15620480185131616,0.014752675730402082
GSM7084916_DSP-1001660009838-F-B10.dcc,Panck,ADM,healthy,Donor_5,4895-EC-S6,6931,0.630418549445228,0.5341522978568047,2.998540870847652,0.1892944741018612,0.016880680998412927
GSM7084917_DSP-1001660009838-F-B11.dcc,Panck,ADM,healthy,Donor_5,4895-EC-S6,6925,0.6815783871802129,0.5904249734012286,2.9960161161109244,0.23249097472924188,0.020938628158844765
GSM7084918_DSP-1001660009838-F-B12.dcc,Panck,ADM,healthy,Donor_5,4895-EC-S6,6930,0.6574277953183058,0.554791828465774,2.9937799120557855,0.21284271284271283,0.020346320346320345
GSM7084919_DSP-1001660009838-F-C01.dcc,Panck,ADM,healthy,Donor_5,4895-EC-S6,6935,0.6520392075093562,0.5610232082577191,2.9607158287242594,0.2113914924297044,0.017736121124729633
GSM7084920_DSP-1001660009838-F-C02.dcc,Panck,ADM,healthy,Donor_5,4895-EC-S6,6926,0.6538394649334244,0.5609820762457267,2.985008171830917,0.21209933583598037,0.020069304071614207
GSM7084921_DSP-1001660009838-F-C03.dcc,Panck,ADM,healthy,Donor_5,4895-EC-S6,6934,0.6101386504533544,0.5183045425229627,2.997041245304053,0.16873377559850014,0.017594462070954716
GSM7084922_DSP-1001660009838-F-C04.dcc,Panck,ADM,healthy,Donor_5,4895-EC-S6,6934,0.6195533813324529,0.5267239745200807,3.1190236841466294,0.1850302855494664,0.017882895875396595
GSM7084923_DSP-1001660009838-F-C05.dcc,Panck,ADM,healthy,Donor_5,4895-EC-S6,6927,0.6290682953739021,0.5417624056501271,2.9655795091648747,0.1823300129926375,0.0194889562581204
GSM7084924_DSP-1001660009838-F-C06.dcc,Panck,ADM,healthy,Donor_5,4895-EC-S6,6928,0.6286156290083279,0.5266155189879385,2.989838099567115,0.18793302540415704,0.019341801385681295
GSM7084925_DSP-1001660009838-F-C07.dcc,Panck,Duct,healthy,Donor_5,4895-EC-S6,6911,0.6661639217626738,0.5607597173868797,3.3612654311262697,0.21559832151642308,0.024453769353205035
GSM7084926_DSP-1001660009838-F-C08.dcc,Panck,Duct,healthy,Donor_5,4895-EC-S6,6907,0.6604745975865437,0.5514106475589209,3.4832316574907853,0.21717098595627624,0.023454466483277835
GSM7084927_DSP-1001660009838-F-C09.dcc,Panck,Duct,healthy,Donor_5,4895-EC-S6,6903,0.6717042338198276,0.5689404515222813,3.4293859551907033,0.21193683905548313,0.026944806605823556
GSM7084928_DSP-1001660009838-F-C10.dcc,Panck,Duct,healthy,Donor_5,4895-EC-S6,6906,0.6332027522097943,0.5234833563933927,3.1698111680087946,0.18882131479872574,0.024471474080509703
GSM7084929_DSP-1001660009838-F-C11.dcc,Panck,Duct,healthy,Donor_5,4895-EC-S6,6853,0.8415458385445045,0.7273498245283285,3.6233370167483043,0.35050342915511457,0.05223989493652415
GSM7084930_DSP-1001660009838-F-C12.dcc,Panck,Duct,healthy,Donor_5,4895-EC-S6,6904,0.6854229979254999,0.5800585504630411,4.232038398270027,0.23160486674391656,0.025202780996523753
GSM7084931_DSP-1001660009838-F-D01.dcc,Panck,Duct,healthy,Donor_5,4895-EC-S6,6911,0.6306082695959366,0.5344364658419529,3.1191775696794988,0.18072637823759224,0.0227174070322674
GSM7084932_DSP-1001660009838-F-D02.dcc,Panck,Duct,healthy,Donor_5,4895-EC-S6,6909,0.6403932814201849,0.5419048910395263,3.4266152537858647,0.1894630192502533,0.021421334491243307
GSM7084933_DSP-1001660009838-F-D03.dcc,Panck,Duct,healthy,Donor_5,4895-EC-S6,6911,0.6086998437089384,0.5122114884102116,3.1722741494803213,0.16799305455071625,0.021270438431486037
GSM7084934_DSP-1001660009838-F-D04.dcc,Panck,Duct,healthy,Donor_5,4895-EC-S6,6911,0.6356641012772951,0.5385232146238934,3.3111482501390705,0.1924468239039213,0.02474316307336131
GSM7084935_DSP-1001660009838-F-D05.dcc,Panck,Duct,healthy,Donor_5,4895-EC-S6,6900,0.6218377932335653,0.5267223522776519,3.589299356753269,0.17449275362318842,0.021594202898550723
GSM7084936_DSP-1001660009838-F-D06.dcc,Panck Cd45 Negative,Acinar,healthy,Donor_5,4895-EC-S6,6935,0.5523136832889106,0.4675016615560956,2.965901821642017,0.12732516222062004,0.013410237923576063
GSM7084937_DSP-1001660009838-F-D07.dcc,Panck Cd45 Negative,Acinar,healthy,Donor_5,4895-EC-S6,6934,0.5450719371749475,0.459715184551968,2.9638837762294568,0.12085376406114796,0.012979521199884627
GSM7084938_DSP-1001660009838-F-D08.dcc,Panck Cd45 Negative,Acinar,healthy,Donor_5,4895-EC-S6,6939,0.5404012726093381,0.4580520344959238,2.9393370287271745,0.11961377720132584,0.01311428159677187
GSM7084939_DSP-1001660009838-F-D09.dcc,Panck Cd45 Negative,Acinar,healthy,Donor_5,4895-EC-S6,6933,0.5493257810395127,0.4639606988698066,2.9616981891510896,0.12462137602769364,0.013846819558632626
GSM7084940_DSP-1001660009838-F-D10.dcc,Panck Cd45 Negative,Acinar,healthy,Donor_5,4895-EC-S6,6931,0.551115694004639,0.4672637984244332,2.954451626874988,0.12436877795411917,0.013417977203866687
GSM7084941_DSP-1001660009838-F-D11.dcc,Panck Cd45 Negative,Acinar,healthy,Donor_5,4895-EC-S6,6934,0.5551798486344852,0.4749732140724814,2.9220459028798818,0.13080473031439285,0.013989039515431208
GSM7084942_DSP-1001660009838-F-D12.dcc,Panck Cd45 Negative,Acinar,healthy,Donor_5,4895-EC-S6,6936,0.5481897140289039,0.4629540885083103,2.900078188470628,0.12889273356401384,0.01182237600922722
GSM7084943_DSP-1001660009838-F-E01.dcc,Panck Cd45 Negative,Acinar,healthy,Donor_5,4895-EC-S6,6938,0.5538720914741561,0.4697278261659714,2.974585358758981,0.12727010665897953,0.013836840588065724
GSM7084944_DSP-1001660009838-F-E02.dcc,Panck Cd45 Negative,Acinar,healthy,Donor_5,4895-EC-S6,6933,0.5525725555892044,0.4673454105296173,2.9791906332252402,0.1301024087696524,0.013414106447425357
GSM7084945_DSP-1001660009838-F-E03.dcc,Panck Cd45 Negative,Acinar,healthy,Donor_5,4895-EC-S6,6934,0.5609756002070915,0.4746870872364011,2.9705670713993833,0.1341217190654745,0.015863859244303433
GSM7084946_DSP-1001660009838-F-E04.dcc,Panck,ADM,healthy,Donor_5,4895-EC-S6,6930,0.5971257827496654,0.5075618543337153,2.878482628284627,0.16594516594516595,0.018037518037518036
GSM7084947_DSP-1001660009838-F-E05.dcc,Panck,ADM,healthy,Donor_5,4895-EC-S6,6924,0.6072120400341776,0.5124071830786425,3.1251705693208898,0.1733102253032929,0.018197573656845753
GSM7084948_DSP-1001660009838-F-E06.dcc,Panck,ADM,healthy,Donor_5,4895-EC-S6,6923,0.6501815021162184,0.5497831804923425,2.963787458732442,0.21378015311281237,0.020366892965477394
GSM7084949_DSP-1001660009838-F-E07.dcc,Panck,ADM,healthy,Donor_5,4895-EC-S6,6924,0.6501236644670944,0.5573319955287901,2.9897845340998046,0.2110051993067591,0.017186597342576545
GSM7084950_DSP-1001660009838-F-E08.dcc,Panck,ADM,healthy,Donor_5,4895-EC-S6,6927,0.6863320783987522,0.589906248129231,2.994812243658643,0.23011404648476974,0.02627400028872528
GSM7084951_DSP-1001660009838-F-E09.dcc,Panck,ADM,healthy,Donor_5,4895-EC-S6,6933,0.6241599454626288,0.5232373342696173,2.953094625680891,0.1901052935237271,0.018895139189384104
GSM7084952_DSP-1001660009838-F-E10.dcc,Panck,PanIN,healthy,Donor_5,4895-EC-S6,6897,0.6328474340624315,0.5207286112491332,3.31093774350387,0.1947223430477019,0.02406843555168914
GSM7084953_DSP-1001660009838-F-E11.dcc,Panck,PanIN,healthy,Donor_5,4895-EC-S6,6897,0.6236887457827512,0.5170209345529297,3.369268977834409,0.17978831375960563,0.02493837900536465
GSM7084954_DSP-1001660009838-F-E12.dcc,Panck,PanIN,healthy,Donor_5,4895-EC-S6,6900,0.6163895335609355,0.5107307691706713,3.3755905942584468,0.17695652173913043,0.02246376811594203
GSM7084955_DSP-1001660009838-F-F01.dcc,Panck,PanIN,healthy,Donor_5,4895-EC-S6,6900,0.6149138495565404,0.5111518472808751,3.0706824097500443,0.1798550724637681,0.023478260869565216
GSM7084956_DSP-1001660009838-F-F02.dcc,Panck Cd45 Negative,Acinar,healthy,Donor_5,4895-EC-S6,6920,0.5742986689447661,0.4847157695093003,3.0209129154477736,0.14580924855491328,0.0157514450867052
GSM7084957_DSP-1001660009838-F-F03.dcc,Panck Cd45 Negative,Acinar,healthy,Donor_5,4895-EC-S6,6926,0.570326084741006,0.4824473378864096,2.9924552313043167,0.14034074501876986,0.015160265665607854
GSM7084958_DSP-1001660009838-F-F04.dcc,Panck Cd45 Negative,Acinar,healthy,Donor_5,4895-EC-S6,6924,0.5706534318390339,0.48129795830082145,2.959358998545012,0.1412478336221837,0.014731369150779897
GSM7084959_DSP-1001660009838-F-F05.dcc,Panck Cd45 Negative,Acinar,healthy,Donor_5,4895-EC-S6,6929,0.5588728313474353,0.46890867392176006,2.942608174430209,0.1342185019483331,0.016019627651897822
GSM7084960_DSP-1001660009838-F-F06.dcc,Panck,PanIN,healthy,Donor_8,4895-EC-S7,6872,0.7608127665093092,0.6361047802110118,3.761628063801171,0.2828870779976717,0.04278230500582072
GSM7084961_DSP-1001660009838-F-F07.dcc,Panck,PanIN,healthy,Donor_8,4895-EC-S7,6889,0.6977195100315696,0.5799584225710577,3.4199845281827397,0.24430251124981855,0.03338655828131804
GSM7084963_DSP-1001660009838-F-F09.dcc,Panck,PanIN,healthy,Donor_8,4895-EC-S7,6887,0.7088021215703568,0.5902770535165924,3.527750375893305,0.2477130826194279,0.03484826484681284
GSM7084964_DSP-1001660009838-F-F10.dcc,Panck,PanIN,healthy,Donor_8,4895-EC-S7,6898,0.694335842327568,0.5786154755099404,3.0912232420862615,0.24267903740214555,0.026819367932734126
GSM7084967_DSP-1001660009838-F-G01.dcc,Panck,PanIN,healthy,Donor_8,4895-EC-S7,6867,0.7312666644677926,0.6065251072760081,3.6804548260423076,0.2675112858599097,0.03553225571574196
GSM7084968_DSP-1001660009838-F-G02.dcc,Panck,PanIN,healthy,Donor_8,4895-EC-S7,6885,0.7030819979769397,0.6003211863776636,3.7256636985034994,0.24458968772694262,0.030501089324618737
GSM7084969_DSP-1001660009838-F-G03.dcc,Panck,PanIN,healthy,Donor_8,4895-EC-S7,6887,0.6836835006940885,0.5778100832541178,3.059100884195497,0.22636852040075506,0.029040220705677362
GSM7084970_DSP-1001660009838-F-G04.dcc,Panck,PanIN,healthy,Donor_8,4895-EC-S7,6878,0.7179999422427047,0.6091093576773261,3.3176836054745804,0.25356208200058156,0.03314917127071823
GSM7084971_DSP-1001660009838-F-G05.dcc,Panck,PanIN,healthy,Donor_8,4895-EC-S7,6879,0.6984506721570837,0.5811096096453054,3.1411940368655173,0.24611135339438872,0.031836022677714786
GSM7084972_DSP-1001660009838-F-G06.dcc,Panck,PanIN,healthy,Donor_8,4895-EC-S7,6885,0.6858987019159177,0.5763118214676162,3.1031269466778517,0.2281771968046478,0.028177196804647784
GSM7084973_DSP-1001660009838-F-G07.dcc,Panck,Duct,healthy,Donor_8,4895-EC-S7,6891,0.6608516528135158,0.5421223271796238,3.0227669624517173,0.21027427078798433,0.03163546655057321
GSM7084974_DSP-1001660009838-F-G08.dcc,Panck,Duct,healthy,Donor_8,4895-EC-S7,6882,0.7135696947127437,0.5977973208742888,2.9846803924315086,0.25530369078756177,0.034292356873002035
GSM7084975_DSP-1001660009838-F-G09.dcc,Panck,Duct,healthy,Donor_8,4895-EC-S7,6892,0.7528518820215,0.6330465643842369,2.9831124310668384,0.2859837492745212,0.03903076030179919
GSM7084976_DSP-1001660009838-F-G10.dcc,Panck,Duct,healthy,Donor_8,4895-EC-S7,6891,0.7248406020029317,0.6073974437830136,3.2031216794492705,0.25888840516615874,0.03584385430271368
GSM7084977_DSP-1001660009838-F-G11.dcc,Panck,Duct,healthy,Donor_8,4895-EC-S7,6882,0.6584355832064571,0.5369528011524167,3.3748693328887946,0.20967741935483872,0.031095611740773032
GSM7084978_DSP-1001660009838-F-G12.dcc,Panck,PanIN,healthy,Donor_8,4895-EC-S7,6892,0.6612864976610946,0.5428394591475871,3.0159961108330293,0.21445153801508995,0.0320661636680209
GSM7084979_DSP-1001660009838-F-H01.dcc,Panck,ADM,healthy,Donor_8,4895-EC-S7,6930,0.6136284644949926,0.5234219464993259,3.0358861289219616,0.17662337662337663,0.018614718614718615
GSM7084980_DSP-1001660009838-F-H02.dcc,Panck,ADM,healthy,Donor_8,4895-EC-S7,6911,0.6311646238174902,0.5205106819977781,2.9882825485357767,0.19953697004774995,0.021270438431486037
GSM7084981_DSP-1001660009838-F-H03.dcc,Panck,PanIN,healthy,Donor_8,4895-EC-S7,6911,0.5622080922339919,0.4638756911263835,2.96989679517554,0.1415135291564173,0.015916654608594993
GSM7084982_DSP-1001660009838-F-H04.dcc,Panck,PanIN,healthy,Donor_8,4895-EC-S7,6907,0.5896560983087391,0.4968906753445914,3.009400583454285,0.15839003909077748,0.017228898219197916
GSM7084983_DSP-1001660009838-F-H05.dcc,Panck,PanIN,healthy,Donor_8,4895-EC-S7,6901,0.587151349953485,0.4869564202279877,2.94373276268123,0.1588175626720765,0.019852195334009563
GSM7084984_DSP-1001660009838-F-H06.dcc,Panck,ADM,healthy,Donor_8,4895-EC-S7,6925,0.6205614851368105,0.5209193403510737,3.0182406002245825,0.18527075812274368,0.0192057761732852
GSM7084985_DSP-1001660009838-F-H07.dcc,Panck,ADM,healthy,Donor_8,4895-EC-S7,6936,0.614396923270139,0.513348753790801,2.99549831948526,0.17863321799307957,0.017589388696655134
GSM7084986_DSP-1001660009838-F-H08.dcc,Panck,ADM,healthy,Donor_8,4895-EC-S7,6923,0.6440061903982555,0.5424575704837693,2.995008289016419,0.2015022389137657,0.022678029755886175
GSM7084987_DSP-1001660009838-F-H09.dcc,Panck,PanIN,healthy,Donor_8,4895-EC-S7,6917,0.6096768602519562,0.5020131454469068,2.9549080938568126,0.17247361572936243,0.02168570189388463
GSM7084988_DSP-1001660009838-F-H10.dcc,Panck,ADM,healthy,Donor_8,4895-EC-S7,6941,0.6028591388014717,0.5114782609391808,3.0177590675103056,0.17230946549488546,0.014407145944388416
GSM7084989_DSP-1001660009838-F-H11.dcc,Panck,Duct,healthy,Donor_8,4895-EC-S7,6922,0.6303658827045483,0.5199698007585827,2.995337499858886,0.194452470384282,0.02109216989309448
GSM7084990_DSP-1001660009838-F-H12.dcc,Panck,Duct,healthy,Donor_8,4895-EC-S7,6927,0.6627947732818432,0.562452684429906,2.981019779121488,0.22260718925941966,0.01833405514652808
GSM7084991_DSP-1001660012909-A-A02.dcc,Panck+(Epithelial),PanIN,tumour,56855,6287-EC-S1,6903,0.5729161231389274,0.4478686055125696,3.131445296488547,0.16862233811386354,0.019846443575257135
GSM7084992_DSP-1001660012909-A-A03.dcc,Panck+(Epithelial),PanIN,tumour,56855,6287-EC-S1,6911,0.5818481110931634,0.4587233670864075,3.5107101361117063,0.16394154246852843,0.01996816669078281
GSM7084993_DSP-1001660012909-A-A04.dcc,Panck+(Epithelial),PanIN,tumour,56855,6287-EC-S1,6904,0.5721761675112818,0.45045700432468916,3.1884800422856845,0.15903823870220163,0.02071263035921205
GSM7084994_DSP-1001660012909-A-A05.dcc,Panck+(Epithelial),PanIN,tumour,56855,6287-EC-S1,6901,0.5868375639599334,0.4585222054693441,3.0659513246452264,0.17200405738298796,0.023329952180843355
GSM7084996_DSP-1001660012909-A-A07.dcc,Panck+(Epithelial),PanIN,tumour,56855,6287-EC-S1,6910,0.5514132299800051,0.4296100524113755,3.1513176896258157,0.14616497829232997,0.01939218523878437
GSM7084997_DSP-1001660012909-A-A08.dcc,Panck+(Epithelial),PanIN,tumour,56855,6287-EC-S1,6913,0.5335575560257886,0.4090108897578615,3.0864017953287366,0.1378562129321568,0.01634601475480978
GSM7084999_DSP-1001660012909-A-A10.dcc,Panck+(Epithelial),Duct,tumour,56855,6287-EC-S1,6916,0.5348801833293386,0.4120555824742236,2.974534388201292,0.1396761133603239,0.014893001735106999
GSM7085000_DSP-1001660012909-A-A11.dcc,Panck+(Epithelial),PanIN,tumour,56855,6287-EC-S1,6907,0.5624209421389895,0.442485787340714,3.014364348871661,0.1544809613435645,0.019690169393369046
GSM7085002_DSP-1001660012909-A-B01.dcc,Panck+(Epithelial),PanIN,tumour,56855,6287-EC-S1,6902,0.6163944481664374,0.4949114347122725,3.08923236456246,0.18893074471167778,0.02332657200811359
GSM7085003_DSP-1001660012909-A-B02.dcc,Panck+(Epithelial),PanIN,tumour,56855,6287-EC-S1,6904,0.5720467860360544,0.447356626957915,2.9766030952717744,0.1649768250289687,0.019119351100811123
GSM7085004_DSP-1001660012909-A-B03.dcc,Panck+(Epithelial),PanIN,tumour,56855,6287-EC-S1,6900,0.5922182142106137,0.4770509750146452,4.346924678943636,0.1701449275362319,0.021739130434782608
GSM7085005_DSP-1001660012909-A-B04.dcc,Panck+(Epithelial),PanIN,tumour,56855,6287-EC-S1,6898,0.5780085684886614,0.45123328390247286,3.067464132965344,0.16570020295737894,0.022470281240939402
GSM7085006_DSP-1001660012909-A-B05.dcc,Panck+(Epithelial),PanIN,tumour,56855,6287-EC-S1,6912,0.5743433497493149,0.4555014800183219,3.0043096146617385,0.16015625,0.019386574074074073
GSM7085007_DSP-1001660012909-A-B06.dcc,Panck+(Epithelial),PanIN,tumour,56855,6287-EC-S1,6904,0.5771264811156538,0.44115881277022684,3.501730556190676,0.16468713789107764,0.02346465816917729
GSM7085008_DSP-1001660012909-A-B07.dcc,Panck+(Epithelial),PanIN,tumour,56855,6287-EC-S1,6896,0.5993290434107789,0.46659565506598666,3.4922061142745013,0.17981438515081208,0.0242169373549884
GSM7085009_DSP-1001660012909-A-B08.dcc,Panck+(Epithelial),PanIN,tumour,56855,6287-EC-S1,6910,0.5548247153843102,0.4197740532132377,3.409717453498142,0.1525325615050651,0.02170767004341534
GSM7085010_DSP-1001660012909-A-B09.dcc,Panck+(Epithelial),PanIN,tumour,56855,6287-EC-S1,6908,0.5572742230643164,0.4237215050744938,3.1279613356140015,0.15605095541401273,0.02099015634047481
GSM7085011_DSP-1001660012909-A-B10.dcc,Panck+(Epithelial),PanIN,tumour,56855,6287-EC-S1,6895,0.6122379184222613,0.49677211958327483,3.039309325591656,0.1817258883248731,0.02625090645395214
GSM7085012_DSP-1001660012909-A-B11.dcc,Panck+(Epithelial),PanIN,tumour,56855,6287-EC-S1,6890,0.6114797794215259,0.4719744979519378,3.3430643124378516,0.183744557329463,0.02888243831640058
GSM7085013_DSP-1001660012909-A-B12.dcc,Panck+(Epithelial),PanIN,tumour,56855,6287-EC-S1,6886,0.65155493737064,0.5158130573984856,3.0321721852866963,0.21304095265756606,0.03035143769968051
GSM7085015_DSP-1001660012909-A-C02.dcc,Panck+(Epithelial),PanIN,tumour,56855,6287-EC-S1,6916,0.555329514859505,0.41534155743463463,2.9911075160821516,0.15529207634470793,0.02313475997686524
GSM7085020_DSP-1001660012909-A-C07.dcc,Panck-(Stroma),Acinar,tumour,56855,6287-EC-S1,6904,0.47734645351697563,0.34361496546255976,3.0182862677495095,0.1145712630359212,0.01477404403244496
GSM7085021_DSP-1001660012909-A-C08.dcc,Panck-(Stroma),Acinar,tumour,56855,6287-EC-S1,6907,0.47541009868599504,0.3417639190531272,3.0516719654592066,0.1169827711017808,0.015057188359635152
GSM7085022_DSP-1001660012909-A-C09.dcc,Panck-(Stroma),Acinar,tumour,56855,6287-EC-S1,6905,0.4855527353255165,0.3547054080284866,3.0203501500651537,0.11614771904417089,0.01622013034033309
GSM7085023_DSP-1001660012909-A-C10.dcc,Panck-(Stroma),Acinar,tumour,56855,6287-EC-S1,6903,0.48840955883248205,0.3577220609929732,3.0004855184406987,0.11531218310879328,0.01564537157757497
GSM7085024_DSP-1001660012909-A-C11.dcc,Panck-(Stroma),Acinar,tumour,56855,6287-EC-S1,6912,0.48274435887662676,0.3481815423109089,3.04192295019312,0.12138310185185185,0.015914351851851853
GSM7085025_DSP-1001660012909-A-C12.dcc,Panck-(Stroma),Acinar,tumour,56855,6287-EC-S1,6905,0.4888110365364177,0.3540252181337875,3.0406407364946944,0.12136133236784938,0.015496017378711079
GSM7085026_DSP-1001660012909-A-D01.dcc,Panck+(Epithelial),Duct,tumour,56855,6287-EC-S1,6912,0.5333124552252396,0.41032578793523156,3.0191186023159267,0.14163773148148148,0.015046296296296295
GSM7085027_DSP-1001660012909-A-D03.dcc,Panck+(Epithelial),Duct,tumour,56855,6287-EC-S1,6901,0.5809473969459547,0.45046718924539064,3.0021117239775528,0.17127952470656427,0.019127662657585857
GSM7085028_DSP-1001660012909-A-D04.dcc,Panck+(Epithelial),Duct,tumour,56855,6287-EC-S1,6909,0.5590336603083065,0.43102813776816795,2.9549109248150867,0.15979157620495008,0.017223910840932118
GSM7085029_DSP-1001660012909-A-D05.dcc,Panck+(Epithelial),Duct,tumour,56855,6287-EC-S1,6911,0.5630658149004524,0.433258261080697,4.01462539083013,0.16133699898712198,0.01765301692953263
GSM7085031_DSP-1001660012909-A-D07.dcc,Panck+(Epithelial),Duct,tumour,56855,6287-EC-S1,6924,0.45997786139802943,0.3418841715057517,3.0395591064980794,0.10181975736568458,0.009820912767186597
GSM7085032_DSP-1001660012909-A-D08.dcc,Panck+(Epithelial),Duct,tumour,56855,6287-EC-S1,6908,0.48906072814854595,0.3715772852697765,3.011799419981334,0.11696583671105965,0.012594093804284888
GSM7085033_DSP-1001660012909-A-D09.dcc,Panck+(Epithelial),Duct,tumour,56855,6287-EC-S1,6918,0.4804628587587877,0.35643700183582494,2.9852525705695747,0.11260479907487714,0.013732292570106967
GSM7085034_DSP-1001660012909-A-D10.dcc,Panck+(Epithelial),Duct,tumour,56855,6287-EC-S1,6907,0.5279191834636457,0.40357812986218367,3.1035336381352856,0.1434776313884465,0.014767627045026785
GSM7085035_DSP-1001660012909-A-D11.dcc,Panck+(Epithelial),Duct,tumour,56855,6287-EC-S1,6914,0.48495657218782307,0.3694511885515701,2.977064869665499,0.11382701764535724,0.01041365345675441
GSM7085036_DSP-1001660012909-A-D12.dcc,Panck+(Epithelial),Duct,tumour,56855,6287-EC-S1,6917,0.510788996326299,0.4014190321259852,3.5661107164282084,0.1254879282926124,0.012866849790371549
GSM7085037_DSP-1001660012909-A-E01.dcc,Panck+(Epithelial),Duct,tumour,56855,6287-EC-S1,6901,0.5448125673034846,0.41878372144894893,4.134991655324668,0.14736994638458195,0.014490653528474133
GSM7085038_DSP-1001660012909-A-E02.dcc,Panck+(Epithelial),Duct,tumour,56855,6287-EC-S1,6903,0.56910462680267,0.44513010894018024,3.939283387435985,0.164855859771114,0.01694915254237288
GSM7085039_DSP-1001660012909-A-E03.dcc,Panck+(Epithelial),Duct,tumour,56855,6287-EC-S1,6885,0.6729999972679825,0.5579439879160892,3.4150992011220795,0.2290486564996369,0.02411038489469862
GSM7085040_DSP-1001660012909-A-E04.dcc,Panck+(Epithelial),Duct,tumour,56855,6287-EC-S1,6898,0.6111355889779946,0.49259028477162703,2.9581883739877526,0.18382139750652363,0.021745433458973614
GSM7085044_DSP-1001660012910-B-C01.dcc,Panck+(Epithelial),Glandular_Tumor,tumour,34800,6287-EC-S1,6891,0.6523177854457314,0.5164766558876872,3.2554445484149355,0.21056450442606298,0.030474531998258596
GSM7085045_DSP-1001660012910-B-C02.dcc,Panck+(Epithelial),Glandular_Tumor,tumour,34800,6287-EC-S1,6900,0.6659040259247964,0.5402888270788244,3.271168120475523,0.2207246376811594,0.030434782608695653
GSM7085046_DSP-1001660012910-B-C03.dcc,Panck+(Epithelial),Glandular_Tumor,tumour,34800,6287-EC-S1,6863,0.8092214331406888,0.6756744018711904,3.161782686079315,0.32055952207489435,0.05274661226868716
GSM7085047_DSP-1001660012910-B-C04.dcc,Panck+(Epithelial),PanIN,tumour,34800,6287-EC-S1,6919,0.5921114118020008,0.47762718101421786,3.0052184051734434,0.17141205376499494,0.01922243098713687
GSM7085048_DSP-1001660012910-B-C05.dcc,Panck+(Epithelial),Duct,tumour,34800,6287-EC-S1,6903,0.7212473441914807,0.608675488463259,3.4360949184063916,0.26148051571780384,0.02955236853541938
GSM7085049_DSP-1001660012910-B-C06.dcc,Panck+(Epithelial),Duct,tumour,34800,6287-EC-S1,6883,0.7747465527251266,0.6578371139168944,3.232625986255889,0.3014673834083975,0.04009879413046637
GSM7085050_DSP-1001660012910-B-C07.dcc,Panck+(Epithelial),Duct,tumour,34800,6287-EC-S1,6884,0.7658131894952723,0.6543690805480877,3.3142711741913837,0.2906740267286461,0.04009296920395119
GSM7085051_DSP-1001660012910-B-C08.dcc,Panck+(Epithelial),Glandular_Tumor,tumour,34800,6287-EC-S1,6884,0.7134172010107912,0.5794715821712484,3.2287353872524296,0.25552004648460197,0.034863451481696686
GSM7085053_DSP-1001660012910-B-C10.dcc,Panck+(Epithelial),Glandular_Tumor,tumour,34800,6287-EC-S1,6922,0.623210940158928,0.5122617185416067,3.208948346426226,0.19199653279399018,0.018636232302802657
GSM7085055_DSP-1001660012910-B-D01.dcc,Panck+(Epithelial),Glandular_Tumor,tumour,34800,6287-EC-S1,6908,0.6572812199822694,0.5541717116780602,2.980347195856539,0.21844238563983787,0.022148233931673422
GSM7085056_DSP-1001660012910-B-D02.dcc,Panck+(Epithelial),PoorlyDiffTumor,tumour,34800,6287-EC-S1,6903,0.6659624752542941,0.5385780294161799,3.0543529615845046,0.2232362740837317,0.025206431986093004
GSM7085057_DSP-1001660012910-B-D04.dcc,Panck+(Epithelial),PoorlyDiffTumor,tumour,34800,6287-EC-S1,6908,0.6315200244134517,0.5019206276004966,3.1859648893642936,0.20034742327735958,0.0225825130283729
GSM7085058_DSP-1001660012910-B-D06.dcc,Panck+(Epithelial),PoorlyDiffTumor,tumour,34800,6287-EC-S1,6885,0.6389165382934573,0.5157520591827165,2.942361091729798,0.20726216412490922,0.02411038489469862
GSM7085059_DSP-1001660012910-B-D08.dcc,Panck+(Epithelial),PoorlyDiffTumor,tumour,34800,6287-EC-S1,6897,0.6696013693906903,0.5411573809140737,3.231509572686443,0.22763520371175874,0.030303030303030304
GSM7085060_DSP-1001660012910-B-D10.dcc,Panck+(Epithelial),PoorlyDiffTumor,tumour,34800,6287-EC-S1,6895,0.6853948348413581,0.5534567448570726,3.0976830087550242,0.23611312545322696,0.031762146482958664
GSM7085061_DSP-1001660012910-B-D12.dcc,Panck+(Epithelial),PoorlyDiffTumor,tumour,34800,6287-EC-S1,6898,0.7235490190304725,0.5958275134381799,3.58122158675618,0.264279501304726,0.03392287619599884
GSM7085062_DSP-1001660012910-B-E02.dcc,Panck+(Epithelial),PoorlyDiffTumor,tumour,34800,6287-EC-S1,6898,0.7001419044485534,0.5730046632723127,2.9960944394152698,0.24673818498115396,0.030588576398956218
GSM7085063_DSP-1001660012910-B-E04.dcc,Panck+(Epithelial),PoorlyDiffTumor,tumour,34800,6287-EC-S1,6893,0.6449127356798902,0.5171788643213802,3.2212782055149525,0.2054257942840563,0.02480777600464239
GSM7085064_DSP-1001660012910-B-E06.dcc,Panck+(Epithelial),PoorlyDiffTumor,tumour,34800,6287-EC-S1,6910,0.64233222908943155,0.525713351758565,3.9309554037201435,0.2094066570188133,0.020984081041968163
GSM7085065_DSP-1001660012910-B-F07.dcc,Panck-(Stroma),Acinar,tumour,34800,6287-EC-S1,6920,0.5622577131747907,0.45420521057036467,2.94985115118331,0.1554913294797688,0.015173410404624277
GSM7085066_DSP-1001660012910-B-F08.dcc,Panck-(Stroma),Acinar,tumour,34800,6287-EC-S1,6923,0.5853578622547746,0.4693524458156997,3.009949620378328,0.1678463094034378,0.016755741730463673
GSM7085067_DSP-1001660012910-B-F09.dcc,Panck-(Stroma),Acinar,tumour,34800,6287-EC-S1,6927,0.5860599618000053,0.4688724318264379,3.0003316774599824,0.1707810018767143,0.0166017034791396
GSM7085068_DSP-1001660012910-B-F10.dcc,Panck-(Stroma),Acinar,tumour,34800,6287-EC-S1,6923,0.5889026926023974,0.46586669766106237,2.972711092378188,0.1760797342192691,0.017766864076267513
GSM7085069_DSP-1001660012910-B-F11.dcc,Panck-(Stroma),Acinar,tumour,34800,6287-EC-S1,6927,0.6056338163625106,0.4970151453783691,2.9579881013160003,0.17280207882200085,0.01804532986863
GSM7085070_DSP-1001660012910-B-F12.dcc,Panck-(Stroma),Acinar,tumour,34800,6287-EC-S1,6921,0.59242655538903,0.4806109452484204,3.0091466225193795,0.16847276405143766,0.01676058373067476
GSM7085071_DSP-1001660012910-B-G01.dcc,Panck-(Stroma),Acinar,tumour,34800,6287-EC-S1,6929,0.5776174420508766,0.4644196955935067,2.9998711528114894,0.16293837494587965,0.015730985712223988
GSM7085072_DSP-1001660012910-B-G02.dcc,Panck+(Epithelial),Glandular_Tumor,tumour,34800,6287-EC-S1,6875,0.7524282473607861,0.6317047630390751,3.856429575912327,0.2797090909090909,0.0432
GSM7085073_DSP-1001660012910-B-G03.dcc,Panck+(Epithelial),Duct,tumour,34800,6287-EC-S1,6912,0.6555170152618857,0.527600349434612,3.010186518581807,0.22106481481481483,0.023582175925925927
GSM7085074_DSP-1001660013377-A-A02.dcc,Panck+(Epi),PanIN,tumour,66455,6495-EC-S1,6862,0.8256707028494822,0.6861244943862834,3.3571102864045175,0.3327018361993588,0.05129699795977849
GSM7085075_DSP-1001660013377-A-A03.dcc,Panck+(Epi),PanIN,tumour,66455,6495-EC-S1,6883,0.7095967588352835,0.5934359329516372,3.2305129064024403,0.25628359726863287,0.03152695045764928
GSM7085076_DSP-1001660013377-A-A04.dcc,Panck+(Epi),PanIN,tumour,66455,6495-EC-S1,6892,0.672708942994085,0.5490383384404183,3.339902174217709,0.22243180499129425,0.025681950087057457
GSM7085077_DSP-1001660013377-A-A05.dcc,Panck+(Epi),PanIN,tumour,66455,6495-EC-S1,6875,0.7180551673471717,0.5976666283028154,3.703948907927127,0.25527272727272726,0.032145454545454547
GSM7085078_DSP-1001660013377-A-A06.dcc,Panck+(Epi),PanIN,tumour,66455,6495-EC-S1,6880,0.7623993244344993,0.6455404960164071,4.216148013455029,0.2880813953488372,0.04098837209302326
GSM7085079_DSP-1001660013377-A-A07.dcc,Panck+(Epi),PanIN,tumour,66455,6495-EC-S1,6848,0.8327100069277937,0.7062969101848844,3.2816159858065905,0.3307535046728972,0.057535046728971966
GSM7085080_DSP-1001660013377-A-A08.dcc,Panck+(Epi),PanIN,tumour,66455,6495-EC-S1,6890,0.6926906149061203,0.58408959797395,2.955586570378834,0.24107402031930333,0.027431059506531203
GSM7085081_DSP-1001660013377-A-A09.dcc,Panck+(Epi),PanIN,tumour,66455,6495-EC-S1,6892,0.6867058655660528,0.5755409121072428,2.9698401519555766,0.23461984910040626,0.026842716192687174
GSM7085082_DSP-1001660013377-A-A10.dcc,Panck+(Epi),PanIN,tumour,66455,6495-EC-S1,6817,0.8698123379942637,0.7546588706979414,2.9936360956260764,0.366436849053836,0.06161067918439196
GSM7085084_DSP-1001660013377-A-A12.dcc,Panck+(Epi),PanIN,tumour,66455,6495-EC-S1,6877,0.7270425167970979,0.6118133422675456,3.4037585529403662,0.26479569579758616,0.03257234259124618
GSM7085085_DSP-1001660013377-A-B01.dcc,Panck+(Epi),PanIN,tumour,66455,6495-EC-S1,6873,0.7577981499576381,0.6495424436211277,3.8996076814438245,0.29215771860904993,0.03593772733886221
GSM7085086_DSP-1001660013377-A-B02.dcc,Panck+(Epi),PanIN,tumour,66455,6495-EC-S1,6817,0.8971903330662006,0.7857428419415333,3.105419253742056,0.38477336071585744,0.07158574152853162
GSM7085088_DSP-1001660013377-A-B04.dcc,Panck+(Epi),PanIN,tumour,66455,6495-EC-S1,6884,0.7028345769489093,0.5899864768616072,3.5358504176861913,0.242300987797792,0.030360255665310865
GSM7085089_DSP-1001660013377-A-B05.dcc,Panck+(Epi),PanIN,tumour,66455,6495-EC-S1,6873,0.7390643210932545,0.6154155502664542,5.279279241379804,0.27382511276007565,0.0343372617488724
GSM7085090_DSP-1001660013377-A-B06.dcc,Panck+(Epi),Glandular_Tumor,tumour,66455,6495-EC-S1,6895,0.6802965536448261,0.5569481889716341,2.9811494870816606,0.23524292965917332,0.029006526468455404
GSM7085091_DSP-1001660013377-A-B07.dcc,Panck+(Epi),Glandular_Tumor,tumour,66455,6495-EC-S1,6880,0.6945228394629109,0.5786750312287765,2.9860993251322183,0.2424418604651163,0.029651162790697676
GSM7085092_DSP-1001660013377-A-B08.dcc,Panck+(Epi),Glandular_Tumor,tumour,66455,6495-EC-S1,6889,0.6854499336741273,0.5630758858057652,3.0027081353062943,0.23602845115401364,0.028451154013644942
GSM7085093_DSP-1001660013377-A-B09.dcc,Panck+(Epi),Glandular_Tumor,tumour,66455,6495-EC-S1,6893,0.669195072803724,0.5480093783538011,3.006291751368493,0.2253010300304657,0.026838821993326562
GSM7085094_DSP-1001660013377-A-B10.dcc,Panck+(Epi),Glandular_Tumor,tumour,66455,6495-EC-S1,6895,0.6371574890463904,0.5199681777959766,2.9652675688514165,0.1994198694706309,0.023205221174764323
GSM7085095_DSP-1001660013377-A-B11.dcc,Panck+(Epi),Glandular_Tumor,tumour,66455,6495-EC-S1,6897,0.6464601062223703,0.5260003540767855,2.974818572173488,0.20994635348702334,0.025518341307814992
GSM7085096_DSP-1001660013377-A-B12.dcc,Panck+(Epi),Glandular_Tumor,tumour,66455,6495-EC-S1,6892,0.6541412659239647,0.530992880601985,2.95315630563616,0.21416134648868254,0.025827045850261174
GSM7085097_DSP-1001660013377-A-C01.dcc,Panck+(Epi),Glandular_Tumor,tumour,66455,6495-EC-S1,6911,0.6384760571886069,0.5247769457683864,2.9946974887373115,0.20098393864853134,0.0227174070322674
GSM7085098_DSP-1001660013377-A-C02.dcc,Panck+(Epi),Glandular_Tumor,tumour,66455,6495-EC-S1,6900,0.6760882566640437,0.5644082626645193,2.9721894640137725,0.2272463768115942,0.024927536231884057
GSM7085100_DSP-1001660013377-A-C04.dcc,Panck+(Epi),Glandular_Tumor,tumour,66455,6495-EC-S1,6913,0.6105895014816908,0.5030415163190938,2.9887646603676625,0.18559236221611455,0.019673079704903805
GSM7085101_DSP-1001660013377-A-C05.dcc,Panck+(Epi),Glandular_Tumor,tumour,66455,6495-EC-S1,6926,0.5699301760536153,0.45425615104914874,3.016059733859147,0.14871498700548658,0.016604100490903842
GSM7085102_DSP-1001660013377-A-C06.dcc,Panck+(Epi),Glandular_Tumor,tumour,66455,6495-EC-S1,6901,0.6795548630805966,0.5521951725358845,2.987853865088777,0.23880597014925373,0.02811186784523982
GSM7085103_DSP-1001660013377-A-C07.dcc,Panck+(Epi),Glandular_Tumor,tumour,66455,6495-EC-S1,6911,0.6280229509730013,0.5126365854278436,2.977439315787973,0.1980900014469686,0.01996816669078281
GSM7085104_DSP-1001660013377-A-C08.dcc,Panck+(Epi),Glandular_Tumor,tumour,66455,6495-EC-S1,6916,0.5983361624537773,0.48546796384829216,2.982373709297418,0.17322151532677849,0.017061885482938115
GSM7085105_DSP-1001660013377-A-C09.dcc,Panck+(Epi),Duct,tumour,66455,6495-EC-S1,6930,0.6412997239686389,0.5375026296741305,2.937194146408528,0.20274170274170275,0.019913419913419914
GSM7085106_DSP-1001660013377-A-C10.dcc,Panck+(Epi),Duct,tumour,66455,6495-EC-S1,6923,0.6408694821946087,0.5365954437140266,2.99653084278434,0.2012133468149646,0.019066878520872455
GSM7085107_DSP-1001660013377-A-C11.dcc,Panck+(Epi),Duct,tumour,66455,6495-EC-S1,6938,0.6163697647703418,0.5114986049950954,3.0479845708874462,0.18996829057365236,0.015566445661573941
GSM7085108_DSP-1001660013377-A-C12.dcc,Panck+(Epi),Duct,tumour,66455,6495-EC-S1,6918,0.7021398334353691,0.5956738296826063,2.9799660911592607,0.25281873373807456,0.026163631107256433
GSM7085109_DSP-1001660013377-A-D01.dcc,Panck+(Epi),Glandular_Tumor,tumour,66455,6495-EC-S1,6899,0.6708424620623333,0.5551751585877716,3.384716808167605,0.22351065371793014,0.02522104652848239
GSM7085110_DSP-1001660013377-A-D02.dcc,Panck+(Epi),Glandular_Tumor,tumour,66455,6495-EC-S1,6901,0.6479279364276316,0.5343289631678516,3.004313817986991,0.2117084480510071,0.02448920446312129
GSM7085111_DSP-1001660013377-A-D03.dcc,Panck+(Epi),Glandular_Tumor,tumour,66455,6495-EC-S1,6904,0.6618842915318133,0.5402280728100113,3.0009252316785835,0.22190034762456548,0.02809965237543453
GSM7085112_DSP-1001660013377-A-D04.dcc,Panck-(Stroma),Acinar,tumour,66455,6495-EC-S1,6912,0.6435181164188786,0.5353357665696419,3.0640978139965735,0.20109953703703703,0.02199074074074074
GSM7085113_DSP-1001660013377-A-D05.dcc,Panck-(Stroma),Acinar,tumour,66455,6495-EC-S1,6914,0.6507367194002284,0.5422798461006306,2.9843606444832114,0.20812843505929998,0.022996818050332657
GSM7085114_DSP-1001660013377-A-D06.dcc,Panck-(Stroma),Acinar,tumour,66455,6495-EC-S1,6914,0.6094136051119831,0.5001000298654255,3.099217960448203,0.18209430141741395,0.01865779577668499
GSM7085115_DSP-1001660013377-A-D07.dcc,Panck-(Stroma),Acinar,tumour,66455,6495-EC-S1,6918,0.6093465457422049,0.49145557184739674,3.06327881281549,0.18430182133564615,0.019080659150043366
GSM7085116_DSP-1001660013377-A-D08.dcc,Panck-(Stroma),Acinar,tumour,66455,6495-EC-S1,6915,0.6436384813310755,0.5306157547489265,2.97524774488659,0.20303687635574838,0.02299349240780911
GSM7085117_DSP-1001660013377-A-D09.dcc,Panck-(Stroma),Acinar,tumour,66455,6495-EC-S1,6916,0.6371052082966931,0.5299093622832052,3.930169007838062,0.19679005205320996,0.020242914979757085
GSM7085118_DSP-1001660013377-A-D10.dcc,Panck-(Stroma),Acinar,tumour,66455,6495-EC-S1,6913,0.6421334645510901,0.530655026609459,3.0245772339207218,0.20237234196441486,0.020830319687545205
GSM7085119_DSP-1001660013377-A-D11.dcc,Panck-(Stroma),Acinar,tumour,66455,6495-EC-S1,6910,0.6221736099113974,0.5135409946650418,3.022685634422964,0.191027496382055,0.020549927641099856
GSM7085120_DSP-1001660013377-A-D12.dcc,Panck+(Epi),ADM,tumour,66455,6495-EC-S1,6916,0.6910766470759825,0.5745633239018271,3.133532419731365,0.24016772700983227,0.028484673221515325
GSM7085121_DSP-1001660013377-A-E01.dcc,Panck+(Epi),Duct,tumour,66455,6495-EC-S1,6902,0.7329699886238635,0.6245130765907558,4.618900984100956,0.2673138220805564,0.03158504781222834
GSM7085122_DSP-1001660013377-A-E02.dcc,Panck+(Epi),Duct,tumour,66455,6495-EC-S1,6857,0.8926085083356396,0.7529766359992607,4.27660964517812,0.3829663117981625,0.06591803995916581
GSM7085123_DSP-1001660013377-A-E03.dcc,Panck+(Epi),Duct,tumour,66455,6495-EC-S1,6907,0.7656504579347476,0.656134717488154,4.422548049014353,0.2923121470971478,0.03460257709570001
GSM7085125_DSP-1001660013377-A-E09.dcc,Panck+(Epi),PanIN,tumour,8781,6495-EC-S1,6894,0.6174945835704142,0.4931324006561155,3.2336669609807807,0.1863939657673339,0.021612996808819264
GSM7085126_DSP-1001660013377-A-E10.dcc,Panck+(Epi),PanIN,tumour,8781,6495-EC-S1,6894,0.674961385833962,0.5673811921057679,3.030301463164789,0.22599361763852627,0.028140411952422395
GSM7085127_DSP-1001660013377-A-E11.dcc,Panck+(Epi),PanIN,tumour,8781,6495-EC-S1,6888,0.6903095814573398,0.5726659519436339,3.128837047242788,0.23548199767711964,0.02772938443670151
GSM7085128_DSP-1001660013377-A-E12.dcc,Panck+(Epi),PanIN,tumour,8781,6495-EC-S1,6896,0.6549588283773076,0.5454881959851505,3.2678370530334533,0.20765661252900233,0.02566705336426914
GSM7085129_DSP-1001660013377-A-F01.dcc,Panck+(Epi),PanIN,tumour,8781,6495-EC-S1,6911,0.6016221646917399,0.4827668819251869,3.0002935657143217,0.1785559253364202,0.02155983215164231
GSM7085130_DSP-1001660013377-A-F02.dcc,Panck+(Epi),PanIN,tumour,8781,6495-EC-S1,6895,0.6363903191218683,0.5191783696459096,3.092875322468611,0.19883973894126178,0.023930384336475707
GSM7085131_DSP-1001660013377-A-F03.dcc,Panck+(Epi),PanIN,tumour,8781,6495-EC-S1,6922,0.536816193692866,0.4205704420293723,3.118316961838783,0.1372435712221901,0.015169026292978907
GSM7085132_DSP-1001660013377-A-F04.dcc,Panck+(Epi),PanIN,tumour,8781,6495-EC-S1,6899,0.64832301588428,0.5298864667354035,3.2342151606043146,0.207856211045079,0.02609073778808523
GSM7085133_DSP-1001660013377-A-F05.dcc,Panck+(Epi),PanIN,tumour,8781,6495-EC-S1,6895,0.6319519629375906,0.5144589102711858,3.025669699787275,0.18883248730964466,0.023640319071791153
GSM7085134_DSP-1001660013377-A-F06.dcc,Panck+(Epi),PanIN,tumour,8781,6495-EC-S1,6903,0.5927399922709166,0.48083944852402016,2.9822645394043397,0.1715196291467478,0.01970157902361292
GSM7085135_DSP-1001660013377-A-F07.dcc,Panck+(Epi),PanIN,tumour,8781,6495-EC-S1,6900,0.5897834230152638,0.47821991673983755,3.001635218511648,0.16681159420289854,0.018260869565217393
GSM7085137_DSP-1001660013377-A-F09.dcc,Panck+(Epi),PanIN,tumour,8781,6495-EC-S1,6876,0.6935126526111643,0.5780683628381986,3.3073933994160907,0.24447353112274578,0.030250145433391506
GSM7085138_DSP-1001660013377-A-F10.dcc,Panck+(Epi),PanIN,tumour,8781,6495-EC-S1,6897,0.7025873109980301,0.6014084460132096,3.2002820277183117,0.24604900681455705,0.028708133971291867
GSM7085140_DSP-1001660013377-A-F12.dcc,Panck+(Epi),Glandular_Tumor,tumour,8781,6495-EC-S1,6916,0.6361375154013814,0.5276013017174925,3.84127722489579,0.19823597455176403,0.023423944476576055
GSM7085141_DSP-1001660013377-A-G01.dcc,Panck+(Epi),Glandular_Tumor,tumour,8781,6495-EC-S1,6917,0.6227350290456881,0.507764213932683,3.1741611498806144,0.194737603007084,0.022119415931762323
GSM7085142_DSP-1001660013377-A-G02.dcc,Panck+(Epi),Glandular_Tumor,tumour,8781,6495-EC-S1,6923,0.5654737582302067,0.4513121598114749,3.3845757549196236,0.1497905532283692,0.017044633829264768
GSM7085143_DSP-1001660013377-A-G03.dcc,Panck+(Epi),Glandular_Tumor,tumour,8781,6495-EC-S1,6905,0.7185542199474143,0.6160309353406435,3.1251023480117253,0.26010137581462706,0.02939898624185373
GSM7085144_DSP-1001660013377-A-G04.dcc,Panck+(Epi),Glandular_Tumor,tumour,8781,6495-EC-S1,6849,0.874135022170649,0.7393807266693733,3.090784832537251,0.37786538180756313,0.06103080741714119
GSM7085145_DSP-1001660013377-A-G05.dcc,Panck+(Epi),Glandular_Tumor,tumour,8781,6495-EC-S1,6907,0.6222358583510998,0.5124795437533072,3.4035353936372967,0.19545388736064861,0.020703633994498333
GSM7085146_DSP-1001660013377-A-G06.dcc,Panck+(Epi),Glandular_Tumor,tumour,8781,6495-EC-S1,6914,0.5942407357309233,0.48372643987320485,3.0554733041768856,0.17269308649117732,0.02097194098929708
GSM7085147_DSP-1001660013377-A-G07.dcc,Panck-(Stroma),Acinar,tumour,8781,6495-EC-S1,6918,0.5225879355848114,0.40662663417936296,2.990097174711953,0.1305290546400694,0.01662330153223475
GSM7085148_DSP-1001660013377-A-G08.dcc,Panck-(Stroma),Acinar,tumour,8781,6495-EC-S1,6916,0.48020019209201203,0.3609694328852622,2.9595172795344444,0.11090225563909774,0.013157894736842105
GSM7085149_DSP-1001660013377-A-G09.dcc,Panck-(Stroma),Acinar,tumour,8781,6495-EC-S1,6923,0.4965828094112405,0.38304002270006166,2.980668154478657,0.1164235158168424,0.012422360248447204
GSM7085150_DSP-1001660013377-A-G10.dcc,Panck+(Epi),Glandular_Tumor,tumour,8781,6495-EC-S1,6919,0.6611346872833664,0.5542363287115721,3.9941409828188483,0.21520450932215637,0.022980199450787685
GSM7085151_DSP-1001660013377-A-G11.dcc,Panck+(Epi),Glandular_Tumor,tumour,8781,6495-EC-S1,6905,0.6654714951385321,0.5527433401974537,3.129223072205642,0.22505430847212166,0.024330195510499638
GSM7085153_DSP-1001660013377-A-H07.dcc,Panck+(Epi),Glandular_Tumor,tumour,8781,6495-EC-S1,6910,0.6457319230426252,0.533867500176219,3.1433619507197816,0.20593342981186685,0.02243125904486252
